task_id,start_time,end_time,execution_time
task_1,0.0,498.4584725824918,498.4584725824918
task_2,0.0,758.5156558106796,758.5156558106796
task_3,0.0,776.9557173952381,776.9557173952381
task_4,0.0,469.4274837465833,469.4274837465833
task_5,0.0,663.3887947444356,663.3887947444356
task_6,0.0,464.5882702820813,464.5882702820813
task_7,464.5882702820813,1117.9856937013824,653.397423419301
task_8,469.4274837465833,959.7251106942767,490.29762694769346
task_9,498.4584725824918,969.7230696025788,471.26459702008697
task_10,663.3887947444356,1244.2235715285524,580.8347767841168
task_11,758.5156558106796,1250.9823616943797,492.4667058837001
task_12,776.9557173952381,1572.0450440746185,795.0893266793804
task_13,959.7251106942767,1550.1521112290338,590.4270005347571
task_14,969.7230696025788,1686.9477738906721,717.2247042880933
task_15,1117.9856937013824,1798.8185190307022,680.8328253293198
